1395ЕР014 1395ЕР015;+25;ЮФП68.243.32448
1395ЕР034 1395ЕР035;+25;ЮФП68.243.32449
1395ЕР051А 1395ЕР055Б;+25;ЮФП68.243.32450
1395ЕР071А 1395ЕР075Б;+25;ЮФП68.243.32451
1395ЕР091А 1395ЕР095Б;+25;ЮФП68.243.32452
1395ЕН01А4А;+25;ЮФП68.243.32453
1395ЕН01Б4А;+25;ЮФП68.243.32454
1395ЕН01В4А 1395ЕН01В5А;+25;ЮФП68.243.32455
1395ЕН01Г4А;+25;ЮФП68.243.32456
1395ЕН01Д4А;+25;ЮФП68.243.32457
1395ЕН01Е4А 1395ЕН01Е5А;+25;ЮФП68.243.32458
1395ЕН01Ж4А 1395ЕН01Ж5А;+25;ЮФП68.243.32459
1395ЕН01И4А;+25;ЮФП68.243.32460
1395ЕН02А5;+25;ЮФП68.243.32461
1395ЕН02Б5;+25;ЮФП68.243.32462
1395ЕН02В4 1395ЕН02В5;+25;ЮФП68.243.32463
1395ЕН02Г5;+25;ЮФП68.243.32464
1395ЕН02Д5;+25;ЮФП68.243.32465
1395ЕН02Е4 1395ЕН02Е5;+25;ЮФП68.243.32466
1395ЕН02Ж4 1395ЕН02Ж5;+25;ЮФП68.243.32467
1395ЕН02И5;+25;ЮФП68.243.32468
1395ЕН03А4А;+25;ЮФП68.243.32469
1395ЕН03Б4А;+25;ЮФП68.243.32470
1395ЕН03В4А 1395ЕН03В4Б;+25;ЮФП68.243.32471
1395ЕН03Г4А;+25;ЮФП68.243.32472
1395ЕН03Д4А;+25;ЮФП68.243.32473
1395ЕН03Е4А 1395ЕН03Е4Б;+25;ЮФП68.243.32474
1395ЕН03Ж4А 1395ЕН03Ж4Б;+25;ЮФП68.243.32475
1395ЕН03И4А;+25;ЮФП68.243.32476
1395ЕН04А5;+25;ЮФП68.243.32477
1395ЕН04Б5;+25;ЮФП68.243.32478
1395ЕН04В5 1395ЕН04В4;+25;ЮФП68.243.32479
1395ЕН04Г5;+25;ЮФП68.243.32480
1395ЕН04Д5;+25;ЮФП68.243.32481
1395ЕН04Е5 1395ЕН04Е4;+25;ЮФП68.243.32482
1395ЕН04Ж5 1395ЕН04Ж4;+25;ЮФП68.243.32483
1395ЕН04И5;+25;ЮФП68.243.32484
1395ЕН05А1;+25;ЮФП68.243.32485
1395ЕН05Б1;+25;ЮФП68.243.32486
1395ЕН05В1 1395ЕН05В4Б;+25;ЮФП68.243.32487
1395ЕН05Г1;+25;ЮФП68.243.32488
1395ЕН05Д1;+25;ЮФП68.243.32489
1395ЕН05Е1 1395ЕН05Е4Б;+25;ЮФП68.243.32490
1395ЕН05Ж1 1395ЕН05Ж4Б;+25;ЮФП68.243.32491
1395ЕН05И1;+25;ЮФП68.243.32492
1395ЕН05К1;+25;ЮФП68.243.32493
1395ЕН06А5Б;+25;ЮФП68.243.32494
1395ЕН06Б5Б;+25;ЮФП68.243.32495
1395ЕН06В5Б 1395ЕН06В1А;+25;ЮФП68.243.32496
1395ЕН06Г5Б;+25;ЮФП68.243.32497
1395ЕН06Д5Б;+25;ЮФП68.243.32498
1395ЕН06Е5Б 1395ЕН06Е1А;+25;ЮФП68.243.32499
1395ЕН06Ж5Б 1395ЕН06Ж1А;+25;ЮФП68.243.32500
1395ЕН06И5Б;+25;ЮФП68.243.32501
1395ЕН06К5Б;+25;ЮФП68.243.32502
1395ЕН07А1;+25;ЮФП68.243.32503
1395ЕН07Б1;+25;ЮФП68.243.32504
1395ЕН07В1 1395ЕН07В4Б;+25;ЮФП68.243.32505
1395ЕН07Г1;+25;ЮФП68.243.32506
1395ЕН07Д1;+25;ЮФП68.243.32507
1395ЕН07Е1 1395ЕН07Е4Б;+25;ЮФП68.243.32508
1395ЕН07Ж1 1395ЕН07Ж4Б;+25;ЮФП68.243.32509
1395ЕН07И1;+25;ЮФП68.243.32510
1395ЕН07К1;+25;ЮФП68.243.32511
1395ЕН08А5Б;+25;ЮФП68.243.32512
1395ЕН08Б5Б;+25;ЮФП68.243.32513
1395ЕН08В5Б 1395ЕН08В1А;+25;ЮФП68.243.32514
1395ЕН08Г5Б;+25;ЮФП68.243.32515
1395ЕН08Д5Б;+25;ЮФП68.243.32516
1395ЕН08Е5Б 1395ЕН08Е1А;+25;ЮФП68.243.32517
1395ЕН08Ж5Б 1395ЕН08Ж1А;+25;ЮФП68.243.32518
1395ЕН08И5Б;+25;ЮФП68.243.32519
1395ЕН08К5Б;+25;ЮФП68.243.32520
1395ЕН09А1;+25;ЮФП68.243.32521
1395ЕН09Б1;+25;ЮФП68.243.32522
1395ЕН09В1 1395ЕН09В4Б;+25;ЮФП68.243.32523
1395ЕН09Г1;+25;ЮФП68.243.32524
1395ЕН09Д1;+25;ЮФП68.243.32525
1395ЕН09Е1 1395ЕН09Е4Б;+25;ЮФП68.243.32526
1395ЕН09Ж1 1395ЕН09Ж4Б;+25;ЮФП68.243.32527
1395ЕН09И1;+25;ЮФП68.243.32528
1395ЕН09К1;+25;ЮФП68.243.32529
1395ЕН10А5Б;+25;ЮФП68.243.32530
1395ЕН10Б5Б;+25;ЮФП68.243.32531
1395ЕН10В5Б 1395ЕН10В1А;+25;ЮФП68.243.32532
1395ЕН10Г5Б;+25;ЮФП68.243.32533
1395ЕН10Д5Б;+25;ЮФП68.243.32534
1395ЕН10Е5Б 1395ЕН10Е1А;+25;ЮФП68.243.32535
1395ЕН10Ж5Б 1395ЕН10Ж1А;+25;ЮФП68.243.32536
1395ЕН10И5Б;+25;ЮФП68.243.32537
1395ЕН10К5Б;+25;ЮФП68.243.32538
