1395ЕР014  1395ЕР015;+25;ЮФП.68.243.21318
1395ЕР034  1395ЕР035;+25;ЮФП.68.243.21319
1395ЕР051А 1395ЕР055Б;+25;ЮФП.68.243.21320
1395ЕР071А 1395ЕР075Б;+25;ЮФП.68.243.21321
1395ЕР091А 1395ЕР095Б;+25;ЮФП.68.243.21322
1395ЕН01А4А;+25;ЮФП.68.243.21323
1395ЕН01Б4А;+25;ЮФП.68.243.21324
1395ЕН01В4А  1395ЕН01В5А;+25;ЮФП.68.243.21325
1395ЕН01Г4А;+25;ЮФП.68.243.21326
1395ЕН01Д4А;+25;ЮФП.68.243.21327
1395ЕН01Е4А 1395ЕН01Е5А;+25;ЮФП.68.243.21328
1395ЕН01Ж4А1395ЕН01Ж5А;+25;ЮФП.68.243.21329
1395ЕН01И4А;+25;ЮФП.68.243.21330
1395ЕН02А5;+25;ЮФП.68.243.21331
1395ЕН02Б5;+25;ЮФП.68.243.21332
1395ЕН02В4 1395ЕН02В5;+25;ЮФП.68.243.21333
1395ЕН02Г5;+25;ЮФП.68.243.21334
1395ЕН02Д5;+25;ЮФП.68.243.21335
1395ЕН02Е4 1395ЕН02Е5;+25;ЮФП.68.243.21336
1395ЕН02Ж4 1395ЕН02Ж5;+25;ЮФП.68.243.21337
1395ЕН02И5;+25;ЮФП.68.243.21338
1395ЕН03А4А;+25;ЮФП.68.243.21339
1395ЕН03Б4А;+25;ЮФП.68.243.21340
1395ЕН03В4А 1395ЕН03В4Б;+25;ЮФП.68.243.21341
1395ЕН03Г4А;+25;ЮФП.68.243.21342
1395ЕН03Д4А;+25;ЮФП.68.243.21343
1395ЕН03Е4А 1395ЕН03Е4Б;+25;ЮФП.68.243.21344
1395ЕН03Ж4А 1395ЕН03Ж4Б;+25;ЮФП.68.243.21345
1395ЕН03И4А;+25;ЮФП.68.243.21346
1395ЕН04А5;+25;ЮФП.68.243.21347
1395ЕН04Б5;+25;ЮФП.68.243.21348
1395ЕН04В5 1395ЕН04В4;+25;ЮФП.68.243.21349
1395ЕН04Г5;+25;ЮФП.68.243.21350
1395ЕН04Д5;+25;ЮФП.68.243.21351
1395ЕН04Е5 1395ЕН04Е4;+25;ЮФП.68.243.21352
1395ЕН04Ж5 1395ЕН04Ж4;+25;ЮФП.68.243.21353
1395ЕН04И5;+25;ЮФП.68.243.21354
1395ЕН05А1;+25;ЮФП.68.243.21355
1395ЕН05Б1;+25;ЮФП.68.243.21356
1395ЕН05В1 1395ЕН05В4Б;+25;ЮФП.68.243.21357
1395ЕН05Г1;+25;ЮФП.68.243.21358
1395ЕН05Д1;+25;ЮФП.68.243.21359
1395ЕН05Е1 1395ЕН05Е4Б;+25;ЮФП.68.243.21360
1395ЕН05Ж1 1395ЕН05Ж4Б;+25;ЮФП.68.243.21361
1395ЕН05И1;+25;ЮФП.68.243.21362
1395ЕН05К1;+25;ЮФП.68.243.21363
1395ЕН06А5Б;+25;ЮФП.68.243.21364
1395ЕН06Б5Б;+25;ЮФП.68.243.21365
1395ЕН06В5Б 1395ЕН06В1А;+25;ЮФП.68.243.21366
1395ЕН06Г5Б;+25;ЮФП.68.243.21367
1395ЕН06Д5Б;+25;ЮФП.68.243.21368
1395ЕН06Е5Б 1395ЕН06Е1А;+25;ЮФП.68.243.21369
1395ЕН06Ж5Б 1395ЕН06Ж1А;+25;ЮФП.68.243.21370
1395ЕН06И5Б;+25;ЮФП.68.243.21371
1395ЕН06К5Б;+25;ЮФП.68.243.21372
1395ЕН07А1;+25;ЮФП.68.243.21373
1395ЕН07Б1;+25;ЮФП.68.243.21374
1395ЕН07В1 1395ЕН07В4Б;+25;ЮФП.68.243.21375
1395ЕН07Г1;+25;ЮФП.68.243.21376
1395ЕН07Д1;+25;ЮФП.68.243.21377
1395ЕН07Е1 1395ЕН07Е4Б;+25;ЮФП.68.243.21378
1395ЕН07Ж1 1395ЕН07Ж4Б;+25;ЮФП.68.243.21379
1395ЕН07И1;+25;ЮФП.68.243.21380
1395ЕН07К1;+25;ЮФП.68.243.21381
1395ЕН08А5Б;+25;ЮФП.68.243.21382
1395ЕН08Б5Б;+25;ЮФП.68.243.21383
1395ЕН08В5Б 1395ЕН08В1А;+25;ЮФП.68.243.21384
1395ЕН08Г5Б;+25;ЮФП.68.243.21385
1395ЕН08Д5Б;+25;ЮФП.68.243.21386
1395ЕН08Е5Б 1395ЕН08Е1А;+25;ЮФП.68.243.21387
1395ЕН08Ж5Б 1395ЕН08Ж1А;+25;ЮФП.68.243.21388
1395ЕН08И5Б;+25;ЮФП.68.243.21389
1395ЕН08К5Б;+25;ЮФП.68.243.21390
1395ЕН09А1;+25;ЮФП.68.243.21391
1395ЕН09Б1;+25;ЮФП.68.243.21392
1395ЕН09В1 1395ЕН09В4Б;+25;ЮФП.68.243.21393
1395ЕН09Г1;+25;ЮФП.68.243.21394
1395ЕН09Д1;+25;ЮФП.68.243.21395
1395ЕН09Е1 1395ЕН09Е4Б;+25;ЮФП.68.243.21396
1395ЕН09Ж1 1395ЕН09Ж4Б;+25;ЮФП.68.243.21397
1395ЕН09И1;+25;ЮФП.68.243.21398
1395ЕН09К1;+25;ЮФП.68.243.21399
1395ЕН10А5Б;+25;ЮФП.68.243.21400
1395ЕН10Б5Б;+25;ЮФП.68.243.21401
1395ЕН10В5Б 1395ЕН10В1А;+25;ЮФП.68.243.21402
1395ЕН10Г5Б;+25;ЮФП.68.243.21403
1395ЕН10Д5Б;+25;ЮФП.68.243.21404
1395ЕН10Е5Б 1395ЕН10Е1А;+25;ЮФП.68.243.21405
1395ЕН10Ж5Б 1395ЕН10Ж1А;+25;ЮФП.68.243.21406
1395ЕН10И5Б;+25;ЮФП.68.243.21407
1395ЕН10К5Б;+25;ЮФП.68.243.21408
